Genotype,hypocotyl_length,Temp,Geno_temp
wt,3.906842458,22,wt_22
wt,3.609557201,22,wt_22
wt,3.588813205,22,wt_22
wt,3.916092239,22,wt_22
wt,3.920275045,22,wt_22
wt,4.083778536,22,wt_22
wt,3.73680971,22,wt_22
wt,3.883649991,22,wt_22
wt,4.020084268,22,wt_22
wt,3.509475925,22,wt_22
wt,3.884262109,22,wt_22
wt,3.690458782,22,wt_22
wt,3.410006767,22,wt_22
wt,3.708856326,22,wt_22
wt,3.683215387,22,wt_22
wt,3.323086026,22,wt_22
wt,3.648358674,22,wt_22
wt,3.656112167,22,wt_22
wt,3.481760587,22,wt_22
wt,3.719026074,22,wt_22
wt,6.780361898,28,wt_28
wt,7.098867242,28,wt_28
wt,7.022420518,28,wt_28
wt,8.049554344,28,wt_28
wt,8.098795828,28,wt_28
wt,8.234311928,28,wt_28
wt,7.85602307,28,wt_28
wt,8.49459806,28,wt_28
wt,7.723703585,28,wt_28
wt,8.153036275,28,wt_28
wt,6.922713315,28,wt_28
wt,7.657764886,28,wt_28
wt,7.99459976,28,wt_28
wt,6.958488205,28,wt_28
wt,8.517552481,28,wt_28
wt,7.584004679,28,wt_28
wt,7.953247796,28,wt_28
wt,8.179153305,28,wt_28
wt,8.375541129,28,wt_28
wt,7.771302016,28,wt_28
ein2,3.329411245,22,ein2_22
ein2,3.091501423,22,ein2_22
ein2,3.528689626,22,ein2_22
ein2,3.667470355,22,ein2_22
ein2,3.603231982,22,ein2_22
ein2,3.745413367,22,ein2_22
ein2,3.245721126,22,ein2_22
ein2,3.61843291,22,ein2_22
ein2,3.522330401,22,ein2_22
ein2,3.254596835,22,ein2_22
ein2,3.731266642,22,ein2_22
ein2,3.334036135,22,ein2_22
ein2,3.762416641,22,ein2_22
ein2,3.564396503,22,ein2_22
ein2,4.007399825,22,ein2_22
ein2,3.403001418,22,ein2_22
ein2,3.847058944,22,ein2_22
ein2,3.689948684,22,ein2_22
ein2,3.48686157,22,ein2_22
ein2,3.549115033,22,ein2_22
ein2,5.671034241,28,ein2_28
ein2,5.543645706,28,ein2_28
ein2,6.019023264,28,ein2_28
ein2,5.9039451,28,ein2_28
ein2,6.397569212,28,ein2_28
ein2,6.25264656,28,ein2_28
ein2,5.942100449,28,ein2_28
ein2,6.140256613,28,ein2_28
ein2,5.971244062,28,ein2_28
ein2,6.041334961,28,ein2_28
ein2,6.962024886,28,ein2_28
ein2,6.729590119,28,ein2_28
ein2,6.378727883,28,ein2_28
ein2,6.896120193,28,ein2_28
ein2,6.888944811,28,ein2_28
ein2,5.800871248,28,ein2_28
ein2,6.169740292,28,ein2_28
ein2,5.67922982,28,ein2_28
ein2,5.949649903,28,ein2_28
ein2,6.175668385,28,ein2_28
ein3,3.445645631,22,ein3_22
ein3,3.726471718,22,ein3_22
ein3,3.551678053,22,ein3_22
ein3,4.052001455,22,ein3_22
ein3,3.757451685,22,ein3_22
ein3,3.80441473,22,ein3_22
ein3,3.814242623,22,ein3_22
ein3,3.507741591,22,ein3_22
ein3,3.714977505,22,ein3_22
ein3,3.703483291,22,ein3_22
ein3,3.755819371,22,ein3_22
ein3,3.059025168,22,ein3_22
ein3,3.738135965,22,ein3_22
ein3,3.285882861,22,ein3_22
ein3,3.082149622,22,ein3_22
ein3,3.505497159,22,ein3_22
ein3,2.914314037,22,ein3_22
ein3,3.754935201,22,ein3_22
ein3,3.772754633,22,ein3_22
ein3,3.576138016,22,ein3_22
ein3,6.35347768,28,ein3_28
ein3,6.513206444,28,ein3_28
ein3,5.822870085,28,ein3_28
ein3,6.0586715,28,ein3_28
ein3,6.763256603,28,ein3_28
ein3,6.381397057,28,ein3_28
ein3,5.802061477,28,ein3_28
ein3,6.167121788,28,ein3_28
ein3,6.137024291,28,ein3_28
ein3,6.30202577,28,ein3_28
ein3,5.866469882,28,ein3_28
ein3,6.498311575,28,ein3_28
ein3,5.844218717,28,ein3_28
ein3,6.267159875,28,ein3_28
ein3,5.832701378,28,ein3_28
ein3,5.691098105,28,ein3_28
ein3,6.558333135,28,ein3_28
ein3,6.540279738,28,ein3_28
ein3,6.41173668,28,ein3_28
ein3,6.200601146,28,ein3_28
lhp1,2.604561639,22,lhp1_22
lhp1,2.406371467,22,lhp1_22
lhp1,2.392542137,22,lhp1_22
lhp1,2.610728159,22,lhp1_22
lhp1,2.613516697,22,lhp1_22
lhp1,2.722519024,22,lhp1_22
lhp1,2.491206473,22,lhp1_22
lhp1,2.589099994,22,lhp1_22
lhp1,2.680056179,22,lhp1_22
lhp1,2.339650617,22,lhp1_22
lhp1,2.589508073,22,lhp1_22
lhp1,2.460305855,22,lhp1_22
lhp1,2.273337845,22,lhp1_22
lhp1,2.472570884,22,lhp1_22
lhp1,2.455476925,22,lhp1_22
lhp1,2.215390684,22,lhp1_22
lhp1,2.432239116,22,lhp1_22
lhp1,2.437408111,22,lhp1_22
lhp1,2.321173725,22,lhp1_22
lhp1,2.479350716,22,lhp1_22
lhp1,4.948667113,28,lhp1_28
lhp1,4.572105788,28,lhp1_28
lhp1,4.54583006,28,lhp1_28
lhp1,4.960383503,28,lhp1_28
lhp1,4.965681724,28,lhp1_28
lhp1,5.172786146,28,lhp1_28
lhp1,4.733292299,28,lhp1_28
lhp1,4.919289989,28,lhp1_28
lhp1,5.092106739,28,lhp1_28
lhp1,4.445336172,28,lhp1_28
lhp1,4.920065338,28,lhp1_28
lhp1,4.674581124,28,lhp1_28
lhp1,4.319341905,28,lhp1_28
lhp1,4.69788468,28,lhp1_28
lhp1,4.665406157,28,lhp1_28
lhp1,4.2092423,28,lhp1_28
lhp1,4.62125432,28,lhp1_28
lhp1,4.631075412,28,lhp1_28
lhp1,4.410230077,28,lhp1_28
lhp1,4.71076636,28,lhp1_28
ein2lhp1,2.304561639,22,ein2lhp1_22
ein2lhp1,3.206371467,22,ein2lhp1_22
ein2lhp1,2.392542137,22,ein2lhp1_22
ein2lhp1,2.610728159,22,ein2lhp1_22
ein2lhp1,2.613516697,22,ein2lhp1_22
ein2lhp1,2.722519024,22,ein2lhp1_22
ein2lhp1,2.522830453,22,ein2lhp1_22
ein2lhp1,2.589099994,22,ein2lhp1_22
ein2lhp1,2.680056179,22,ein2lhp1_22
ein2lhp1,3.094856212,22,ein2lhp1_22
ein2lhp1,2.462820385,22,ein2lhp1_22
ein2lhp1,2.503937459,22,ein2lhp1_22
ein2lhp1,2.273337845,22,ein2lhp1_22
ein2lhp1,2.472570884,22,ein2lhp1_22
ein2lhp1,2.455476925,22,ein2lhp1_22
ein2lhp1,3.039465102,22,ein2lhp1_22
ein2lhp1,2.230946413,22,ein2lhp1_22
ein2lhp1,2.426373049,22,ein2lhp1_22
ein2lhp1,2.503983519,22,ein2lhp1_22
ein2lhp1,2.584525976,22,ein2lhp1_22
ein2lhp1,2.650245884,28,ein2lhp1_28
ein2lhp1,3.687327187,28,ein2lhp1_28
ein2lhp1,2.751423457,28,ein2lhp1_28
ein2lhp1,3.002337383,28,ein2lhp1_28
ein2lhp1,3.005544201,28,ein2lhp1_28
ein2lhp1,3.020309378,28,ein2lhp1_28
ein2lhp1,2.901255021,28,ein2lhp1_28
ein2lhp1,2.977464993,28,ein2lhp1_28
ein2lhp1,3.082064605,28,ein2lhp1_28
ein2lhp1,2.559084644,28,ein2lhp1_28
ein2lhp1,2.832243442,28,ein2lhp1_28
ein2lhp1,2.879528078,28,ein2lhp1_28
ein2lhp1,2.614338521,28,ein2lhp1_28
ein2lhp1,2.843456517,28,ein2lhp1_28
ein2lhp1,2.823798463,28,ein2lhp1_28
ein2lhp1,3.495384867,28,ein2lhp1_28
ein2lhp1,2.565588375,28,ein2lhp1_28
ein2lhp1,2.790329006,28,ein2lhp1_28
ein2lhp1,2.879581047,28,ein2lhp1_28
ein2lhp1,2.913752899,28,ein2lhp1_28
ein3eil1lhp1,2.258470406,22,ein3eil1lhp1_22
ein3eil1lhp1,3.142244038,22,ein3eil1lhp1_22
ein3eil1lhp1,2.344691294,22,ein3eil1lhp1_22
ein3eil1lhp1,2.558513596,22,ein3eil1lhp1_22
ein3eil1lhp1,2.561246363,22,ein3eil1lhp1_22
ein3eil1lhp1,2.668068644,22,ein3eil1lhp1_22
ein3eil1lhp1,2.472373844,22,ein3eil1lhp1_22
ein3eil1lhp1,2.537317994,22,ein3eil1lhp1_22
ein3eil1lhp1,2.626455055,22,ein3eil1lhp1_22
ein3eil1lhp1,3.032959088,22,ein3eil1lhp1_22
ein3eil1lhp1,2.413563977,22,ein3eil1lhp1_22
ein3eil1lhp1,2.45385871,22,ein3eil1lhp1_22
ein3eil1lhp1,2.227871088,22,ein3eil1lhp1_22
ein3eil1lhp1,2.423119466,22,ein3eil1lhp1_22
ein3eil1lhp1,2.406367386,22,ein3eil1lhp1_22
ein3eil1lhp1,2.9786758,22,ein3eil1lhp1_22
ein3eil1lhp1,2.186327485,22,ein3eil1lhp1_22
ein3eil1lhp1,2.377845588,22,ein3eil1lhp1_22
ein3eil1lhp1,2.453903849,22,ein3eil1lhp1_22
ein3eil1lhp1,2.532835456,22,ein3eil1lhp1_22
ein3eil1lhp1,2.479800506,28,ein3eil1lhp1_28
ein3eil1lhp1,3.450183954,28,ein3eil1lhp1_28
ein3eil1lhp1,2.574471041,28,ein3eil1lhp1_28
ein3eil1lhp1,2.809247929,28,ein3eil1lhp1_28
ein3eil1lhp1,2.812248506,28,ein3eil1lhp1_28
ein3eil1lhp1,2.929539371,28,ein3eil1lhp1_28
ein3eil1lhp1,2.714666481,28,ein3eil1lhp1_28
ein3eil1lhp1,2.785975158,28,ein3eil1lhp1_28
ein3eil1lhp1,2.88384765,28,ein3eil1lhp1_28
ein3eil1lhp1,3.330189078,28,ein3eil1lhp1_28
ein3eil1lhp1,2.650093247,28,ein3eil1lhp1_28
ein3eil1lhp1,2.694336864,28,ein3eil1lhp1_28
ein3eil1lhp1,2.446202454,28,ein3eil1lhp1_28
ein3eil1lhp1,2.660585174,28,ein3eil1lhp1_28
ein3eil1lhp1,2.64219139,28,ein3eil1lhp1_28
ein3eil1lhp1,3.270586028,28,ein3eil1lhp1_28
ein3eil1lhp1,2.400587578,28,ein3eil1lhp1_28
ein3eil1lhp1,2.610874455,28,ein3eil1lhp1_28
ein3eil1lhp1,2.694386426,28,ein3eil1lhp1_28
ein3eil1lhp1,2.781053331,28,ein3eil1lhp1_28
lhp16,2.377050235,22,lhp16_22
lhp16,2.738136619,22,lhp16_22
lhp16,2.533020112,22,lhp16_22
lhp16,2.654076542,22,lhp16_22
lhp16,2.273276954,22,lhp16_22
lhp16,2.536739585,22,lhp16_22
lhp16,2.614104611,22,lhp16_22
lhp16,2.518191816,22,lhp16_22
lhp16,2.562503131,22,lhp16_22
lhp16,2.746468237,22,lhp16_22
lhp16,2.759883134,22,lhp16_22
lhp16,2.290981643,22,lhp16_22
lhp16,2.659085431,22,lhp16_22
lhp16,2.449852709,22,lhp16_22
lhp16,2.320812308,22,lhp16_22
lhp16,2.468474868,22,lhp16_22
lhp16,2.583208194,22,lhp16_22
lhp16,2.526473841,22,lhp16_22
lhp16,2.72987939,22,lhp16_22
lhp16,2.624891081,22,lhp16_22
lhp16,2.299759598,22,lhp16_22
lhp16,2.625436604,22,lhp16_22
lhp16,2.437181706,22,lhp16_22
lhp16,2.417220537,22,lhp16_22
lhp16,2.889122403,22,lhp16_22
lhp16,2.558833251,22,lhp16_22
lhp16,2.577405817,22,lhp16_22
lhp16,2.342310363,22,lhp16_22
lhp16,2.766801353,22,lhp16_22
lhp16,2.495205476,22,lhp16_22
lhp16,2.565879585,22,lhp16_22
lhp16,5.144693329,28,lhp16_28
lhp16,5.051721992,28,lhp16_28
lhp16,4.866388715,28,lhp16_28
lhp16,5.052750351,28,lhp16_28
lhp16,5.148540157,28,lhp16_28
lhp16,4.838242128,28,lhp16_28
lhp16,5.123669086,28,lhp16_28
lhp16,4.348171582,28,lhp16_28
lhp16,4.881318975,28,lhp16_28
lhp16,4.574334549,28,lhp16_28
lhp16,4.909313212,28,lhp16_28
lhp16,4.777530816,28,lhp16_28
lhp16,5.141874862,28,lhp16_28
lhp16,4.427126757,28,lhp16_28
lhp16,4.889241153,28,lhp16_28
lhp16,4.334574381,28,lhp16_28
lhp16,4.550034789,28,lhp16_28
lhp16,4.726341353,28,lhp16_28
lhp16,4.786824141,28,lhp16_28
lhp16,5.09243742,28,lhp16_28
lhp16,5.008150009,28,lhp16_28
lhp16,4.702041594,28,lhp16_28
lhp16,4.949038368,28,lhp16_28
lhp16,4.604233156,28,lhp16_28
lhp16,4.884937277,28,lhp16_28
lhp16,4.910113047,28,lhp16_28
lhp16,4.984307298,28,lhp16_28
lhp16,5.018319344,28,lhp16_28
lhp16,4.84736678,28,lhp16_28
ein2lhp16,2.341839254,22,ein2lhp16_22
ein2lhp16,2.725490437,22,ein2lhp16_22
ein2lhp16,2.635925541,22,ein2lhp16_22
ein2lhp16,2.457614033,22,ein2lhp16_22
ein2lhp16,2.660201298,22,ein2lhp16_22
ein2lhp16,2.384613187,22,ein2lhp16_22
ein2lhp16,2.335565744,22,ein2lhp16_22
ein2lhp16,2.36668533,22,ein2lhp16_22
ein2lhp16,2.536169291,22,ein2lhp16_22
ein2lhp16,2.416377482,22,ein2lhp16_22
ein2lhp16,2.526027529,22,ein2lhp16_22
ein2lhp16,2.314860681,22,ein2lhp16_22
ein2lhp16,2.654349328,22,ein2lhp16_22
ein2lhp16,2.603268573,22,ein2lhp16_22
ein2lhp16,2.635528797,22,ein2lhp16_22
ein2lhp16,2.302313661,22,ein2lhp16_22
ein2lhp16,2.251927207,22,ein2lhp16_22
ein2lhp16,2.487394609,22,ein2lhp16_22
ein2lhp16,2.446827563,22,ein2lhp16_22
ein2lhp16,2.206822405,22,ein2lhp16_22
ein2lhp16,2.304768512,22,ein2lhp16_22
ein2lhp16,2.694321258,22,ein2lhp16_22
ein2lhp16,2.313224113,22,ein2lhp16_22
ein2lhp16,2.362147574,22,ein2lhp16_22
ein2lhp16,2.441074779,22,ein2lhp16_22
ein2lhp16,2.731615169,22,ein2lhp16_22
ein2lhp16,2.401821946,22,ein2lhp16_22
ein2lhp16,2.514075624,22,ein2lhp16_22
ein2lhp16,3.002040899,22,ein2lhp16_22
ein2lhp16,2.555956884,22,ein2lhp16_22
ein2lhp16,2.507950893,22,ein2lhp16_22
ein2lhp16,2.465122568,22,ein2lhp16_22
ein2lhp16,2.929447807,28,ein2lhp16_28
ein2lhp16,2.791090624,28,ein2lhp16_28
ein2lhp16,2.905020296,28,ein2lhp16_28
ein2lhp16,2.415318027,28,ein2lhp16_28
ein2lhp16,2.739169516,28,ein2lhp16_28
ein2lhp16,3.079100284,28,ein2lhp16_28
ein2lhp16,3.090120511,28,ein2lhp16_28
ein2lhp16,2.767549091,28,ein2lhp16_28
ein2lhp16,2.488483274,28,ein2lhp16_28
ein2lhp16,2.545782986,28,ein2lhp16_28
ein2lhp16,2.624975513,28,ein2lhp16_28
ein2lhp16,2.894824726,28,ein2lhp16_28
ein2lhp16,2.453562883,28,ein2lhp16_28
ein2lhp16,2.53186348,28,ein2lhp16_28
ein2lhp16,2.680112973,28,ein2lhp16_28
ein2lhp16,3.086435555,28,ein2lhp16_28
ein2lhp16,2.945421453,28,ein2lhp16_28
ein2lhp16,3.093907455,28,ein2lhp16_28
ein2lhp16,2.814669351,28,ein2lhp16_28
ein2lhp16,2.730628616,28,ein2lhp16_28
ein2lhp16,2.719763293,28,ein2lhp16_28
ein2lhp16,2.665301538,28,ein2lhp16_28
ein2lhp16,2.501916272,28,ein2lhp16_28
ein2lhp16,2.653949708,28,ein2lhp16_28
ein2lhp16,3.197830209,28,ein2lhp16_28
ein2lhp16,2.523971256,28,ein2lhp16_28
ein2lhp16,3.152571271,28,ein2lhp16_28
ein2lhp16,2.973855084,28,ein2lhp16_28
ein2lhp16,2.639462611,28,ein2lhp16_28
ein2lhp16,2.525133467,28,ein2lhp16_28
ein2lhp16,2.705978928,28,ein2lhp16_28
ein2lhp16,2.847714632,28,ein2lhp16_28
ein2lhp16,2.647637786,28,ein2lhp16_28
ein3eil1lhp16,2.633032288,22,ein3eil1lhp16_22
ein3eil1lhp16,2.671342854,22,ein3eil1lhp16_22
ein3eil1lhp16,2.32605183,22,ein3eil1lhp16_22
ein3eil1lhp16,2.478128659,22,ein3eil1lhp16_22
ein3eil1lhp16,2.649150001,22,ein3eil1lhp16_22
ein3eil1lhp16,2.516439225,22,ein3eil1lhp16_22
ein3eil1lhp16,2.213376611,22,ein3eil1lhp16_22
ein3eil1lhp16,2.621179569,22,ein3eil1lhp16_22
ein3eil1lhp16,2.442744078,22,ein3eil1lhp16_22
ein3eil1lhp16,2.499478431,22,ein3eil1lhp16_22
ein3eil1lhp16,2.826618429,22,ein3eil1lhp16_22
ein3eil1lhp16,2.205466533,22,ein3eil1lhp16_22
ein3eil1lhp16,2.684187432,22,ein3eil1lhp16_22
ein3eil1lhp16,2.298651716,22,ein3eil1lhp16_22
ein3eil1lhp16,2.442272945,22,ein3eil1lhp16_22
ein3eil1lhp16,2.542401143,22,ein3eil1lhp16_22
ein3eil1lhp16,2.308173565,22,ein3eil1lhp16_22
ein3eil1lhp16,2.330440807,22,ein3eil1lhp16_22
ein3eil1lhp16,2.59494489,22,ein3eil1lhp16_22
ein3eil1lhp16,2.758874438,22,ein3eil1lhp16_22
ein3eil1lhp16,2.493328903,22,ein3eil1lhp16_22
ein3eil1lhp16,2.562461497,22,ein3eil1lhp16_22
ein3eil1lhp16,2.463870681,22,ein3eil1lhp16_22
ein3eil1lhp16,2.718728932,22,ein3eil1lhp16_22
ein3eil1lhp16,2.288509955,22,ein3eil1lhp16_22
ein3eil1lhp16,2.889452717,22,ein3eil1lhp16_22
ein3eil1lhp16,2.32421689,22,ein3eil1lhp16_22
ein3eil1lhp16,2.443587158,22,ein3eil1lhp16_22
ein3eil1lhp16,2.286575829,22,ein3eil1lhp16_22
ein3eil1lhp16,2.418716286,22,ein3eil1lhp16_22
ein3eil1lhp16,2.60657444,22,ein3eil1lhp16_22
ein3eil1lhp16,2.406442027,22,ein3eil1lhp16_22
ein3eil1lhp16,2.979513543,22,ein3eil1lhp16_22
ein3eil1lhp16,2.409417605,22,ein3eil1lhp16_22
ein3eil1lhp16,2.50983388,22,ein3eil1lhp16_22
ein3eil1lhp16,2.535663541,28,ein3eil1lhp16_28
ein3eil1lhp16,2.754170149,28,ein3eil1lhp16_28
ein3eil1lhp16,2.751318553,28,ein3eil1lhp16_28
ein3eil1lhp16,2.553690585,28,ein3eil1lhp16_28
ein3eil1lhp16,2.701006489,28,ein3eil1lhp16_28
ein3eil1lhp16,2.407986451,28,ein3eil1lhp16_28
ein3eil1lhp16,2.430873605,28,ein3eil1lhp16_28
ein3eil1lhp16,3.0414012,28,ein3eil1lhp16_28
ein3eil1lhp16,2.38924031,28,ein3eil1lhp16_28
ein3eil1lhp16,2.546772366,28,ein3eil1lhp16_28
ein3eil1lhp16,2.605763199,28,ein3eil1lhp16_28
ein3eil1lhp16,2.431096773,28,ein3eil1lhp16_28
ein3eil1lhp16,2.962906941,28,ein3eil1lhp16_28
ein3eil1lhp16,2.65778622,28,ein3eil1lhp16_28
ein3eil1lhp16,2.639957548,28,ein3eil1lhp16_28
ein3eil1lhp16,2.990380948,28,ein3eil1lhp16_28
ein3eil1lhp16,2.621707337,28,ein3eil1lhp16_28
ein3eil1lhp16,2.623368701,28,ein3eil1lhp16_28
ein3eil1lhp16,2.750177915,28,ein3eil1lhp16_28
ein3eil1lhp16,3.063679848,28,ein3eil1lhp16_28
ein3eil1lhp16,2.990331851,28,ein3eil1lhp16_28
ein3eil1lhp16,3.084790879,28,ein3eil1lhp16_28
ein3eil1lhp16,2.602490063,28,ein3eil1lhp16_28
ein3eil1lhp16,2.520884838,28,ein3eil1lhp16_28
ein3eil1lhp16,3.138932958,28,ein3eil1lhp16_28
ein3eil1lhp16,2.796026612,28,ein3eil1lhp16_28
ein3eil1lhp16,2.967494291,28,ein3eil1lhp16_28
ein3eil1lhp16,2.930448345,28,ein3eil1lhp16_28
ein3eil1lhp16,2.677425034,28,ein3eil1lhp16_28
ein3eil1lhp16,2.710602728,28,ein3eil1lhp16_28
ein3eil1lhp16,2.955244828,28,ein3eil1lhp16_28
ein3eil1lhp16,2.695030537,28,ein3eil1lhp16_28
ein3eil1lhp16,2.429633781,28,ein3eil1lhp16_28
ein3eil1lhp16,3.230064248,28,ein3eil1lhp16_28
ein3eil1lhp16,2.599836839,28,ein3eil1lhp16_28
ein3eil1lhp16,2.559368979,28,ein3eil1lhp16_28
ein3eil1lhp16,2.612607028,28,ein3eil1lhp16_28
ein3eil1lhp16,2.368287282,28,ein3eil1lhp16_28
ein3eil1lhp16,2.667478382,28,ein3eil1lhp16_28
glhp1lhp16,3.705334641,22,glhp1lhp16_22
glhp1lhp16,3.632606557,22,glhp1lhp16_22
glhp1lhp16,3.901574006,22,glhp1lhp16_22
glhp1lhp16,3.706276907,22,glhp1lhp16_22
glhp1lhp16,3.933115133,22,glhp1lhp16_22
glhp1lhp16,4.291387363,22,glhp1lhp16_22
glhp1lhp16,3.339512129,22,glhp1lhp16_22
glhp1lhp16,3.676893075,22,glhp1lhp16_22
glhp1lhp16,4.037161175,22,glhp1lhp16_22
glhp1lhp16,3.830160136,22,glhp1lhp16_22
glhp1lhp16,3.830408101,22,glhp1lhp16_22
glhp1lhp16,3.730602257,22,glhp1lhp16_22
glhp1lhp16,3.534114927,22,glhp1lhp16_22
glhp1lhp16,3.530593826,22,glhp1lhp16_22
glhp1lhp16,3.507855451,22,glhp1lhp16_22
glhp1lhp16,3.555067955,22,glhp1lhp16_22
glhp1lhp16,3.80355351,22,glhp1lhp16_22
glhp1lhp16,3.36143222,22,glhp1lhp16_22
glhp1lhp16,3.582914405,22,glhp1lhp16_22
glhp1lhp16,3.50800423,22,glhp1lhp16_22
glhp1lhp16,3.744860235,22,glhp1lhp16_22
glhp1lhp16,3.70540903,22,glhp1lhp16_22
glhp1lhp16,3.75589467,22,glhp1lhp16_22
glhp1lhp16,3.521394331,22,glhp1lhp16_22
glhp1lhp16,3.422109214,22,glhp1lhp16_22
glhp1lhp16,4.019555672,22,glhp1lhp16_22
glhp1lhp16,3.666825703,22,glhp1lhp16_22
glhp1lhp16,3.39027053,22,glhp1lhp16_22
glhp1lhp16,3.440557797,22,glhp1lhp16_22
glhp1lhp16,3.990890938,22,glhp1lhp16_22
glhp1lhp16,3.878910021,22,glhp1lhp16_22
glhp1lhp16,3.328056154,22,glhp1lhp16_22
glhp1lhp16,3.692603197,22,glhp1lhp16_22
glhp1lhp16,7.305514986,28,glhp1lhp16_28
glhp1lhp16,7.479115162,28,glhp1lhp16_28
glhp1lhp16,7.305192631,28,glhp1lhp16_28
glhp1lhp16,8.052583422,28,glhp1lhp16_28
glhp1lhp16,7.263708116,28,glhp1lhp16_28
glhp1lhp16,7.305143039,28,glhp1lhp16_28
glhp1lhp16,7.166158752,28,glhp1lhp16_28
glhp1lhp16,7.605726004,28,glhp1lhp16_28
glhp1lhp16,7.615867765,28,glhp1lhp16_28
glhp1lhp16,8.256584086,28,glhp1lhp16_28
glhp1lhp16,7.296861013,28,glhp1lhp16_28
glhp1lhp16,7.825844382,28,glhp1lhp16_28
glhp1lhp16,7.714830528,28,glhp1lhp16_28
glhp1lhp16,8.69902773,28,glhp1lhp16_28
glhp1lhp16,8.636292628,28,glhp1lhp16_28
glhp1lhp16,6.907754604,28,glhp1lhp16_28
glhp1lhp16,7.750537464,28,glhp1lhp16_28
glhp1lhp16,7.237324658,28,glhp1lhp16_28
glhp1lhp16,7.775656301,28,glhp1lhp16_28
glhp1lhp16,7.361654223,28,glhp1lhp16_28
glhp1lhp16,7.690455586,28,glhp1lhp16_28
glhp1lhp16,7.17089488,28,glhp1lhp16_28
glhp1lhp16,8.062105271,28,glhp1lhp16_28
glhp1lhp16,7.678131734,28,glhp1lhp16_28
glhp1lhp16,7.478520047,28,glhp1lhp16_28
glhp1lhp16,7.3004813,28,glhp1lhp16_28
glhp1lhp16,7.119665347,28,glhp1lhp16_28
glhp1lhp16,7.111482507,28,glhp1lhp16_28
glhp1lhp16,7.576292579,28,glhp1lhp16_28
glhp1lhp16,7.866064277,28,glhp1lhp16_28
glhp1lhp16,7.120657206,28,glhp1lhp16_28
glhp1lhp16,7.810222598,28,glhp1lhp16_28
glhp1lhp16,7.579573463,28,glhp1lhp16_28
glhp1ein2lhp16,3.674037735,22,glhp1ein2lhp16_22
glhp1ein2lhp16,3.519778815,22,glhp1ein2lhp16_22
glhp1ein2lhp16,3.834322201,22,glhp1ein2lhp16_22
glhp1ein2lhp16,3.407347843,22,glhp1ein2lhp16_22
glhp1ein2lhp16,3.444744658,22,glhp1ein2lhp16_22
glhp1ein2lhp16,3.598681224,22,glhp1ein2lhp16_22
glhp1ein2lhp16,3.647158348,22,glhp1ein2lhp16_22
glhp1ein2lhp16,3.603888485,22,glhp1ein2lhp16_22
glhp1ein2lhp16,3.562627138,22,glhp1ein2lhp16_22
glhp1ein2lhp16,3.498652212,22,glhp1ein2lhp16_22
glhp1ein2lhp16,3.675971861,22,glhp1ein2lhp16_22
glhp1ein2lhp16,3.346277825,22,glhp1ein2lhp16_22
glhp1ein2lhp16,3.795317333,22,glhp1ein2lhp16_22
glhp1ein2lhp16,3.523051951,22,glhp1ein2lhp16_22
glhp1ein2lhp16,3.663102486,22,glhp1ein2lhp16_22
glhp1ein2lhp16,3.660374873,22,glhp1ein2lhp16_22
glhp1ein2lhp16,3.553576422,22,glhp1ein2lhp16_22
glhp1ein2lhp16,3.369260445,22,glhp1ein2lhp16_22
glhp1ein2lhp16,3.707091447,22,glhp1ein2lhp16_22
glhp1ein2lhp16,3.562577545,22,glhp1ein2lhp16_22
glhp1ein2lhp16,3.516580069,22,glhp1ein2lhp16_22
glhp1ein2lhp16,3.423717241,22,glhp1ein2lhp16_22
glhp1ein2lhp16,3.398573607,22,glhp1ein2lhp16_22
glhp1ein2lhp16,3.616088355,22,glhp1ein2lhp16_22
glhp1ein2lhp16,3.736723244,22,glhp1ein2lhp16_22
glhp1ein2lhp16,3.525605989,22,glhp1ein2lhp16_22
glhp1ein2lhp16,3.579538339,22,glhp1ein2lhp16_22
glhp1ein2lhp16,3.460044088,22,glhp1ein2lhp16_22
glhp1ein2lhp16,3.840025392,22,glhp1ein2lhp16_22
glhp1ein2lhp16,3.976505233,22,glhp1ein2lhp16_22
glhp1ein2lhp16,3.77954677,22,glhp1ein2lhp16_22
glhp1ein2lhp16,3.603094998,22,glhp1ein2lhp16_22
glhp1ein2lhp16,3.629156101,22,glhp1ein2lhp16_22
glhp1ein2lhp16,3.638231614,22,glhp1ein2lhp16_22
glhp1ein2lhp16,3.62856682,22,glhp1ein2lhp16_22
glhp1ein2lhp16,6.16814991,28,glhp1ein2lhp16_28
glhp1ein2lhp16,6.620326173,28,glhp1ein2lhp16_28
glhp1ein2lhp16,6.560107914,28,glhp1ein2lhp16_28
glhp1ein2lhp16,6.257231274,28,glhp1ein2lhp16_28
glhp1ein2lhp16,6.116449243,28,glhp1ein2lhp16_28
glhp1ein2lhp16,6.351705874,28,glhp1ein2lhp16_28
glhp1ein2lhp16,6.189090539,28,glhp1ein2lhp16_28
glhp1ein2lhp16,5.653598094,28,glhp1ein2lhp16_28
glhp1ein2lhp16,6.633753468,28,glhp1ein2lhp16_28
glhp1ein2lhp16,6.335526169,28,glhp1ein2lhp16_28
glhp1ein2lhp16,6.119610794,28,glhp1ein2lhp16_28
glhp1ein2lhp16,5.809704352,28,glhp1ein2lhp16_28
glhp1ein2lhp16,6.532546624,28,glhp1ein2lhp16_28
glhp1ein2lhp16,6.226210874,28,glhp1ein2lhp16_28
glhp1ein2lhp16,6.616495116,28,glhp1ein2lhp16_28
glhp1ein2lhp16,6.284085865,28,glhp1ein2lhp16_28
glhp1ein2lhp16,7.039436326,28,glhp1ein2lhp16_28
glhp1ein2lhp16,6.219032292,28,glhp1ein2lhp16_28
glhp1ein2lhp16,5.814986002,28,glhp1ein2lhp16_28
glhp1ein2lhp16,5.707456054,28,glhp1ein2lhp16_28
glhp1ein2lhp16,6.778775698,28,glhp1ein2lhp16_28
glhp1ein2lhp16,5.988871338,28,glhp1ein2lhp16_28
glhp1ein2lhp16,6.023722795,28,glhp1ein2lhp16_28
glhp1ein2lhp16,6.038526295,28,glhp1ein2lhp16_28
glhp1ein2lhp16,6.301641775,28,glhp1ein2lhp16_28
glhp1ein2lhp16,6.204898297,28,glhp1ein2lhp16_28
glhp1ein2lhp16,6.622446272,28,glhp1ein2lhp16_28
glhp1ein2lhp16,6.670129909,28,glhp1ein2lhp16_28
glhp1ein2lhp16,5.747923914,28,glhp1ein2lhp16_28
glhp1ein2lhp16,6.677866411,28,glhp1ein2lhp16_28
glhp1ein2lhp16,6.260169658,28,glhp1ein2lhp16_28
glhp1ein2lhp16,6.278878604,28,glhp1ein2lhp16_28
glhp1ein2lhp16,6.067352207,28,glhp1ein2lhp16_28
glhp1ein2lhp16,5.930512816,28,glhp1ein2lhp16_28
glhp1ein2lhp16,6.260212322,28,glhp1ein2lhp16_28
glhp1ein3eil1lhp16,4.009441038,22,glhp1ein3eil1lhp16_22
glhp1ein3eil1lhp16,3.440411349,22,glhp1ein3eil1lhp16_22
glhp1ein3eil1lhp16,3.527769358,22,glhp1ein3eil1lhp16_22
glhp1ein3eil1lhp16,3.498608694,22,glhp1ein3eil1lhp16_22
glhp1ein3eil1lhp16,3.854810171,22,glhp1ein3eil1lhp16_22
glhp1ein3eil1lhp16,3.674135061,22,glhp1ein3eil1lhp16_22
glhp1ein3eil1lhp16,3.925108199,22,glhp1ein3eil1lhp16_22
glhp1ein3eil1lhp16,3.497716021,22,glhp1ein3eil1lhp16_22
glhp1ein3eil1lhp16,3.603497817,22,glhp1ein3eil1lhp16_22
glhp1ein3eil1lhp16,3.43751016,22,glhp1ein3eil1lhp16_22
glhp1ein3eil1lhp16,3.613019666,22,glhp1ein3eil1lhp16_22
glhp1ein3eil1lhp16,3.792546202,22,glhp1ein3eil1lhp16_22
glhp1ein3eil1lhp16,3.478721915,22,glhp1ein3eil1lhp16_22
glhp1ein3eil1lhp16,3.633204003,22,glhp1ein3eil1lhp16_22
glhp1ein3eil1lhp16,3.782627609,22,glhp1ein3eil1lhp16_22
glhp1ein3eil1lhp16,3.980255577,22,glhp1ein3eil1lhp16_22
glhp1ein3eil1lhp16,3.438328444,22,glhp1ein3eil1lhp16_22
glhp1ein3eil1lhp16,3.575725756,22,glhp1ein3eil1lhp16_22
glhp1ein3eil1lhp16,3.66325734,22,glhp1ein3eil1lhp16_22
glhp1ein3eil1lhp16,3.734464904,22,glhp1ein3eil1lhp16_22
glhp1ein3eil1lhp16,3.595339774,22,glhp1ein3eil1lhp16_22
glhp1ein3eil1lhp16,3.565104926,22,glhp1ein3eil1lhp16_22
glhp1ein3eil1lhp16,3.855926012,22,glhp1ein3eil1lhp16_22
glhp1ein3eil1lhp16,3.431930952,22,glhp1ein3eil1lhp16_22
glhp1ein3eil1lhp16,3.222028724,22,glhp1ein3eil1lhp16_22
glhp1ein3eil1lhp16,3.348713955,22,glhp1ein3eil1lhp16_22
glhp1ein3eil1lhp16,3.334307199,22,glhp1ein3eil1lhp16_22
glhp1ein3eil1lhp16,3.956624529,22,glhp1ein3eil1lhp16_22
glhp1ein3eil1lhp16,3.619739513,22,glhp1ein3eil1lhp16_22
glhp1ein3eil1lhp16,3.320371575,22,glhp1ein3eil1lhp16_22
glhp1ein3eil1lhp16,3.420793611,22,glhp1ein3eil1lhp16_22
glhp1ein3eil1lhp16,3.547904102,22,glhp1ein3eil1lhp16_22
glhp1ein3eil1lhp16,3.676151511,22,glhp1ein3eil1lhp16_22
glhp1ein3eil1lhp16,3.782578016,22,glhp1ein3eil1lhp16_22
glhp1ein3eil1lhp16,3.492682335,22,glhp1ein3eil1lhp16_22
glhp1ein3eil1lhp16,3.325578837,22,glhp1ein3eil1lhp16_22
glhp1ein3eil1lhp16,3.648803746,22,glhp1ein3eil1lhp16_22
glhp1ein3eil1lhp16,6.204079096,28,glhp1ein3eil1lhp16_28
glhp1ein3eil1lhp16,6.34256351,28,glhp1ein3eil1lhp16_28
glhp1ein3eil1lhp16,5.935418577,28,glhp1ein3eil1lhp16_28
glhp1ein3eil1lhp16,6.508427581,28,glhp1ein3eil1lhp16_28
glhp1ein3eil1lhp16,6.347586261,28,glhp1ein3eil1lhp16_28
glhp1ein3eil1lhp16,6.230665686,28,glhp1ein3eil1lhp16_28
glhp1ein3eil1lhp16,6.468056749,28,glhp1ein3eil1lhp16_28
glhp1ein3eil1lhp16,6.826522541,28,glhp1ein3eil1lhp16_28
glhp1ein3eil1lhp16,6.787700077,28,glhp1ein3eil1lhp16_28
glhp1ein3eil1lhp16,6.414732508,28,glhp1ein3eil1lhp16_28
glhp1ein3eil1lhp16,6.028245054,28,glhp1ein3eil1lhp16_28
glhp1ein3eil1lhp16,6.106154338,28,glhp1ein3eil1lhp16_28
glhp1ein3eil1lhp16,6.684752568,28,glhp1ein3eil1lhp16_28
glhp1ein3eil1lhp16,5.952866027,28,glhp1ein3eil1lhp16_28
glhp1ein3eil1lhp16,6.104719267,28,glhp1ein3eil1lhp16_28
glhp1ein3eil1lhp16,5.88976064,28,glhp1ein3eil1lhp16_28
glhp1ein3eil1lhp16,7.10386902,28,glhp1ein3eil1lhp16_28
glhp1ein3eil1lhp16,5.915856285,28,glhp1ein3eil1lhp16_28
glhp1ein3eil1lhp16,5.757092042,28,glhp1ein3eil1lhp16_28
glhp1ein3eil1lhp16,6.108533536,28,glhp1ein3eil1lhp16_28
glhp1ein3eil1lhp16,6.014876228,28,glhp1ein3eil1lhp16_28
glhp1ein3eil1lhp16,6.028811529,28,glhp1ein3eil1lhp16_28
glhp1ein3eil1lhp16,6.540301277,28,glhp1ein3eil1lhp16_28
glhp1ein3eil1lhp16,5.791873647,28,glhp1ein3eil1lhp16_28
glhp1ein3eil1lhp16,6.21608838,28,glhp1ein3eil1lhp16_28
glhp1ein3eil1lhp16,5.797500639,28,glhp1ein3eil1lhp16_28
glhp1ein3eil1lhp16,6.396680817,28,glhp1ein3eil1lhp16_28
glhp1ein3eil1lhp16,5.688321898,28,glhp1ein3eil1lhp16_28
glhp1ein3eil1lhp16,5.467320864,28,glhp1ein3eil1lhp16_28
glhp1ein3eil1lhp16,5.613320522,28,glhp1ein3eil1lhp16_28
glhp1ein3eil1lhp16,6.399362135,28,glhp1ein3eil1lhp16_28
glhp1ein3eil1lhp16,5.899994966,28,glhp1ein3eil1lhp16_28
glhp1ein3eil1lhp16,5.94682362,28,glhp1ein3eil1lhp16_28
glhp1ein3eil1lhp16,6.110006373,28,glhp1ein3eil1lhp16_28
glhp1ein3eil1lhp16,5.70339015,28,glhp1ein3eil1lhp16_28
glhp1ein3eil1lhp16,6.693174173,28,glhp1ein3eil1lhp16_28
glhp1ein3eil1lhp16,6.351362765,28,glhp1ein3eil1lhp16_28
glhp1ein3eil1lhp16,5.838400181,28,glhp1ein3eil1lhp16_28
glhp1ein3eil1lhp16,6.163558198,28,glhp1ein3eil1lhp16_28